Make,Price,Mileage
Audi,4449,19841
Audi,4974,19989
Audi,5295,19528
Audi,4896,20023
Audi,4326,20353
Audi,4841,19912
Audi,4859,19806
Audi,5653,20047
Audi,5183,20462
Audi,5894,20448
Audi,4260,20712
Audi,5354,19289
Audi,5443,20764
Audi,4529,20160
Audi,5923,19440
Audi,4730,20292
Audi,3824,19912
Audi,5230,19123
Audi,5277,19221
Audi,4681,19594
Audi,4812,20007
Audi,5116,20366
Audi,4737,21187
Audi,4918,21302
Audi,5394,19790
Audi,4620,21208
Audi,5058,20009
Audi,5219,19934
Audi,4529,19684
Audi,4758,20164
Audi,5380,19523
Audi,5387,20036
Audi,4636,20483
Audi,5578,19750
Audi,4479,19827
Audi,4974,20393
Audi,6074,20643
Audi,4683,19457
Audi,5276,20087
Audi,5541,20779
Audi,5255,19739
Audi,5365,19616
Audi,5022,19982
Audi,4900,19938
Audi,4443,19885
Audi,5461,19098
Audi,4409,19610
Audi,10713,4811
Audi,13721,5012
Audi,11267,4810
Audi,9813,4868
Audi,11474,4837
Audi,9363,5061
Audi,8933,5017
Audi,13427,5088
Audi,9514,4981
Audi,15659,5010
Audi,9206,4889
Audi,16204,5330
Audi,10028,5070
Audi,10288,5134
Audi,12398,4934
Audi,8941,5112
Audi,11785,5115
Audi,10987,4941
Audi,7013,5045
Audi,10336,4941
Audi,13800,5026
Audi,10898,5145
Audi,15759,4870
Audi,9479,4950
Audi,10417,5064
Audi,11283,5079
Audi,12558,5137
Audi,8139,5051
Audi,13199,5011
Audi,11402,5038
Audi,9214,4914
Audi,9557,4993
Audi,5010,5019
Audi,13830,5152
Audi,11854,5190
Audi,8609,5136
Audi,6244,4850
Audi,11263,4901
Audi,8114,4992
Audi,8900,5015
Audi,14070,5137
Audi,9001,4907
Audi,12902,4990
Audi,8288,5128
Audi,8245,5180
Audi,9856,5080
Audi,14555,5107
Audi,8666,4979
Audi,11205,4903
Audi,12076,5036
Audi,11881,4859
Audi,12655,5023
Audi,7795,5007
Audi,11461,5009
Audi,6189,5075
Audi,10065,5108
Audi,9440,5032
Audi,10446,4940
Audi,6605,4947
Audi,9120,5048
Audi,15989,4787
Audi,7240,5015
Audi,7654,5227
Audi,13368,5055
Audi,13178,5045
Audi,9602,4892
Audi,12723,4869
Audi,10609,5086
Audi,8691,4959
Audi,8504,5072
Audi,12519,5019
Audi,13866,4941
Audi,14473,4803
Audi,11681,5143
Audi,5106,5002
Audi,5264,4940
Audi,4708,5090
Audi,13030,4934
Audi,9374,4928
Audi,10593,5110
Audi,14582,5101
Audi,7285,4903
Audi,7644,4950
Audi,7236,5112
Audi,10691,4969
Audi,11233,5036
Audi,7193,4874
Audi,3989,5126
Audi,9869,5057
Audi,9163,5021
Audi,8609,4974
Audi,11267,4806
Audi,9988,4885
Audi,13318,5017
Audi,13539,4931
Audi,7541,5099
Audi,8256,5005
Audi,13164,5096
Audi,10128,4999
Audi,9673,5119
Audi,13024,5040
Audi,4360,4945
Audi,10331,4984
Audi,5521,5183
Audi,6683,4888
Audi,10321,5109
Audi,8775,4971
Audi,9437,5172
Audi,11810,5169
Audi,9362,5214
Audi,9967,4963
Audi,7512,4837
Audi,8053,5027
Audi,6680,4986
Audi,13413,4941
Audi,8020,5059
Audi,11486,4934
Audi,12594,4975
Audi,15776,4857
Audi,11966,5046
Audi,10528,5101
Audi,8453,4899
Audi,14903,5151
Audi,5797,4924
Audi,8912,4996
Audi,6461,5024
Audi,10612,5013
Audi,9019,5116
Audi,12667,5004
Audi,4661,5196
Audi,11509,5075
Audi,8506,4979
Audi,18328,5229
Audi,13002,5080
Audi,11522,4959
Audi,7446,5092
Audi,8011,4970
Audi,14614,5079
Audi,9661,4980
Audi,9478,5072
Audi,12006,5049
Audi,14793,4949
Audi,13985,5038
Audi,8837,5136
Audi,7581,4938
Audi,11145,5022
Audi,9655,4976
Audi,11429,4948
Audi,4527,4943
Audi,12454,5082
Audi,14356,5093
Audi,9751,4942
Audi,9645,5030
Audi,8647,5143
Audi,10091,5173
Audi,12355,4897
Audi,8423,5018
Audi,12960,5098
Audi,13557,5082
Audi,10010,4916
Audi,12154,5084
Audi,14226,5057
Audi,9843,4987
Audi,10221,5111
Audi,4290,5122
Audi,9853,4870
Audi,14968,5287
Audi,5330,5016
Audi,16415,4961
Audi,12672,4762
Audi,9276,4836
Audi,10940,5055
Audi,11030,4869
Audi,12025,5035
Audi,8698,4924
Audi,12613,4883
Audi,10263,4949
Audi,13404,5033
Audi,5527,5030
Audi,12954,5109
Audi,10573,5003
Audi,9925,4783
Audi,8195,5031
Audi,7246,4965
Audi,10880,4915
Audi,11741,4809
Audi,12162,4963
Audi,16939,5024
Audi,7407,5046
Audi,12252,5088
Audi,12847,4894
Audi,13771,5001
Audi,7258,5054
Audi,6506,4975
Audi,14221,4957
Audi,9290,4892
Audi,4762,5209
Audi,7501,5101
Audi,8986,4942
Audi,8477,5027
Audi,7244,5033
Audi,10496,5110
Audi,8796,4910
Audi,8463,5004
Audi,8570,5037
Audi,6108,5049
Audi,17760,5082
Audi,12698,4920
Audi,13672,5000
Audi,13062,5088
Audi,9709,5228
Audi,7568,5079
Audi,14485,5115
Audi,12759,4962
Audi,14169,4968
Audi,7943,5120
Audi,7746,4949
Audi,7279,5077
Audi,7903,4957
Audi,10342,4993
Audi,16856,5160
Audi,12212,4986
Audi,10974,5165
Audi,11000,4961
Audi,11320,4907
Audi,12109,5087
Audi,9395,5117
Audi,9457,5106
Audi,9350,5074
Audi,5552,4986
Audi,11736,5011
Audi,7564,4953
Audi,7896,5120
Audi,10890,5002
Audi,10027,5074
Audi,8051,4907
Audi,10533,4965
Audi,6460,4947
Audi,5378,4871
Audi,12680,5032
Audi,8373,5126
Audi,13679,5019
Audi,1349,4874
Audi,12697,5058
Audi,10968,4988
Audi,13081,5090
Audi,11053,5050
Audi,11015,5068
Audi,1712,5102
Audi,11724,4890
Audi,13455,5120
Audi,6416,5153
Audi,4321,4764
Audi,9027,4811
Audi,9216,4943
Audi,9850,4774
Audi,8106,5080
Audi,10383,4885
Audi,11177,4887
Audi,8513,5043
Audi,9932,4866
Audi,11096,5040
Audi,6131,5038
Audi,9321,4997
Audi,11814,5211
Audi,2074,5012
Audi,13171,4926
Audi,7590,4834
Audi,10414,5002
Audi,7724,5007
Audi,5610,5160
Audi,9156,5033
Audi,8926,5035
Audi,10459,5133
Audi,12505,4907
Audi,7597,5015
Audi,10316,4934
Audi,10882,5030
Audi,8961,5116
Audi,4641,5123
Audi,7429,4932
Audi,12530,4972
Audi,10259,4983
Audi,7116,4908
Audi,5568,4940
Audi,9063,5208
Audi,7326,4913
Audi,13851,5199
Audi,17051,4945
Audi,5025,4984
Audi,10466,5229
Audi,9162,4898
Audi,9521,5070
Audi,9884,5123
Audi,6553,5004
Audi,8329,5202
Audi,8386,5044
Audi,6778,5038
Audi,8699,5027
Audi,11896,5043
Audi,11723,4957
Audi,7116,4872
Audi,12424,5046
Audi,9258,4828
Audi,7201,4925
Audi,10936,5229
Audi,19988,4958
Audi,10920,4891
Audi,15901,5171
Audi,9278,5005
Audi,4708,5158
Audi,11025,4916
Audi,13165,5029
Audi,10939,4880
Audi,3687,5043
Audi,11977,5012
Audi,10754,5217
Audi,11447,4862
Audi,11496,4923
Audi,8316,4918
Audi,10651,5013
Audi,9574,5011
Audi,8126,4995
Audi,9645,5097
Audi,11087,4958
Audi,5762,5139
Audi,10174,5014
Audi,7514,4888
Audi,12340,5033
Audi,9111,5128
Audi,8979,4997
Audi,13462,5211
Audi,8095,5038
Audi,11468,4937
Audi,9594,4853
Audi,8406,5067
BMW,3773,20056
BMW,4849,19519
BMW,5465,20486
BMW,4197,20069
BMW,5813,20827
BMW,5041,20656
BMW,4806,20613
BMW,5547,19857
BMW,5501,20018
BMW,4752,20289
BMW,5528,18937
BMW,5246,20407
BMW,5440,20010
BMW,5243,20296
BMW,5112,19775
BMW,4384,20325
BMW,4697,21074
BMW,3991,20600
BMW,4667,20129
BMW,5148,20122
BMW,5680,20403
BMW,4472,19749
BMW,5148,19891
BMW,5987,19099
BMW,5168,20223
BMW,4875,19994
BMW,5328,19235
BMW,5363,19028
BMW,5338,20328
BMW,4792,19866
BMW,4387,20028
BMW,4741,20129
BMW,5848,20029
BMW,5181,20320
BMW,4768,19903
BMW,4294,20036
BMW,5196,19571
BMW,5406,19947
BMW,4857,19250
BMW,4161,19143
BMW,4398,19759
BMW,5926,19736
BMW,10707,4855
BMW,11648,4860
BMW,13981,4982
BMW,6639,4873
BMW,10625,4997
BMW,10851,5083
BMW,13991,4977
BMW,13053,4996
BMW,8745,5083
BMW,8432,5036
BMW,10549,4936
BMW,11784,4823
BMW,11160,5012
BMW,14630,4957
BMW,14502,5081
BMW,5207,5055
BMW,15521,5148
BMW,12469,4871
BMW,8585,5013
BMW,10783,5018
BMW,9776,5103
BMW,8715,5061
BMW,11324,5074
BMW,10272,4981
BMW,6116,5104
BMW,9094,4987
BMW,9975,5094
BMW,8372,4866
BMW,6066,5055
BMW,15110,5031
BMW,9718,5132
BMW,7363,4988
BMW,13517,4935
BMW,10247,4896
BMW,8786,4991
BMW,7422,5065
BMW,7871,4945
BMW,1895,4953
BMW,11881,5079
BMW,6026,4999
BMW,12682,5155
BMW,8830,5010
BMW,17130,5123
BMW,8920,5012
BMW,5826,4905
BMW,7491,4933
BMW,8383,4981
BMW,4289,5027
BMW,11648,4990
BMW,5658,4955
BMW,10349,5157
BMW,11518,5177
BMW,11968,4952
BMW,10013,4815
BMW,10512,4958
BMW,10703,5052
BMW,12405,5097
BMW,14735,5115
BMW,9919,5123
BMW,16339,5051
BMW,9327,4997
BMW,12777,5098
BMW,9182,4935
BMW,14283,4845
BMW,14103,5164
BMW,8789,5106
BMW,8209,4966
BMW,8550,4964
BMW,4440,4993
BMW,12101,4901
BMW,12070,5029
BMW,13334,4939
BMW,8821,4853
BMW,14264,4965
BMW,15288,4942
BMW,11298,5098
BMW,7321,4950
BMW,13658,5039
BMW,10294,5122
BMW,9291,5016
BMW,13331,4828
BMW,10666,4944
BMW,9059,4996
BMW,10567,4971
BMW,6323,5033
BMW,8046,5058
BMW,12866,5113
BMW,11193,5006
BMW,10912,4961
BMW,9076,5012
BMW,3407,5116
BMW,8277,4816
BMW,11315,4950
BMW,4119,4964
BMW,12664,4985
BMW,9685,4967
BMW,12228,4976
BMW,10624,5201
BMW,4817,4845
BMW,9897,4987
BMW,13650,4990
BMW,7747,4923
BMW,4522,5022
BMW,8549,5007
BMW,9323,5083
BMW,9717,4934
BMW,14227,5098
BMW,5996,5189
BMW,4139,4881
BMW,10702,4985
BMW,13379,4940
BMW,8834,4896
BMW,9544,4981
BMW,7062,4836
BMW,8500,5105
BMW,15133,4967
BMW,4624,4905
BMW,13313,4919
BMW,11474,5075
BMW,13531,4862
BMW,13967,5061
BMW,12690,4975
BMW,12684,5140
BMW,8031,5041
BMW,8780,4906
BMW,4438,5091
BMW,6600,4874
BMW,2541,4931
BMW,6399,4957
BMW,11104,5010
BMW,5851,4971
BMW,11508,5257
BMW,8803,4768
BMW,16300,4843
BMW,10398,4924
BMW,11161,4963
BMW,16129,5035
BMW,12713,5032
BMW,8561,5093
BMW,13045,4907
BMW,11953,4867
BMW,6653,4826
BMW,5981,5062
BMW,9268,4976
BMW,12357,4947
BMW,9298,4907
BMW,11575,5003
BMW,10091,4866
BMW,11776,5036
BMW,10797,4850
BMW,10766,5151
BMW,8340,4990
BMW,13272,4861
BMW,5918,5115
BMW,12610,4865
BMW,11902,5103
BMW,12132,5000
BMW,13019,4959
BMW,8429,4965
BMW,7566,5002
BMW,8043,5087
BMW,7548,5069
BMW,13994,4945
BMW,7832,5030
BMW,10644,5039
BMW,9268,5114
BMW,3882,4904
BMW,11251,4971
BMW,11097,4910
BMW,9809,4989
BMW,14771,5099
BMW,6301,5036
BMW,7217,5041
BMW,7010,4932
BMW,11750,5113
BMW,12368,5034
BMW,8858,5034
BMW,10859,4957
BMW,11407,5062
BMW,7049,4862
BMW,14583,5153
BMW,6396,4977
BMW,10269,4892
BMW,11005,4989
BMW,10136,4900
BMW,5407,4922
BMW,14636,5041
BMW,14674,4950
BMW,11093,4980
BMW,12600,4884
BMW,10313,4845
BMW,4555,4995
BMW,8181,4886
BMW,12941,5070
BMW,7800,4941
BMW,7559,4997
BMW,13978,5029
BMW,9754,4931
BMW,8956,4896
BMW,7382,5060
BMW,11709,4928
BMW,6640,4995
BMW,9077,4894
BMW,8879,4836
BMW,13480,4980
BMW,7659,5090
BMW,7843,4890
BMW,8640,4903
BMW,10569,4900
BMW,8653,4950
BMW,7804,5092
BMW,9245,5175
BMW,10552,5018
BMW,10432,4862
BMW,7228,4877
BMW,9536,5043
BMW,11606,5000
BMW,11877,5021
BMW,12910,5084
BMW,13385,4864
BMW,11621,5089
BMW,12144,5026
BMW,8365,5032
BMW,16749,4823
BMW,7577,4917
BMW,10335,5092
BMW,14435,5097
BMW,6570,5045
BMW,9337,5019
BMW,11107,5091
BMW,13748,4995
BMW,6011,4936
BMW,14243,5029
BMW,11025,4914
BMW,8943,5108
BMW,12021,4839
BMW,12605,4878
BMW,7364,5101
BMW,14244,5005
BMW,8009,4991
BMW,13990,4976
BMW,13313,5034
BMW,11607,4957
BMW,14559,4970
BMW,9733,5111
BMW,5480,4824
BMW,8935,4849
BMW,10351,4982
BMW,13590,4920
BMW,9267,5239
BMW,9756,4907
BMW,11496,4852
BMW,12954,5108
BMW,10629,5124
BMW,11943,4938
BMW,14042,4832
BMW,6300,4896
BMW,11613,5001
BMW,7630,5024
BMW,10277,5040
BMW,15838,5067
BMW,12705,4964
BMW,9973,5029
BMW,8067,5035
BMW,9055,4964
BMW,6882,5177
BMW,14015,4984
BMW,15668,4867
BMW,12452,5092
BMW,8965,5059
BMW,7606,4956
BMW,11168,5038
BMW,6309,5213
BMW,10063,4940
BMW,9705,5011
BMW,9337,5033
BMW,8937,4929
BMW,11893,5213
BMW,11616,5103
BMW,9260,4895
BMW,4274,5055
BMW,5855,4954
BMW,8903,4852
BMW,8013,4638
BMW,7623,4911
BMW,15990,4928
BMW,9052,5071
BMW,10918,4978
BMW,10803,4938
BMW,10475,4896
BMW,12277,4814
BMW,9245,5156
BMW,5117,5008
BMW,8636,4872
BMW,6717,5007
BMW,10670,5181
BMW,16230,4918
BMW,7815,4947
BMW,7248,5069
BMW,10992,4970
BMW,12711,5045
BMW,12993,5078
BMW,8569,5174
BMW,12347,5027
BMW,13614,5033
BMW,5486,4983
BMW,8683,4816
BMW,9289,5170
BMW,9200,5106
BMW,10944,5032
BMW,12764,5031
BMW,9710,4961
BMW,12078,4985
BMW,8168,5187
BMW,11604,5013
BMW,4834,4994
BMW,13780,4995
BMW,4753,4952
BMW,9487,5034
BMW,11662,4992
BMW,15802,4884
BMW,9708,4806
BMW,10944,4886
BMW,12243,5066
BMW,9977,4983
BMW,9981,4948
BMW,10375,5133
BMW,7397,5056
BMW,9970,5050
BMW,13251,4905
BMW,12295,4908
BMW,10673,5069
BMW,4148,4904
BMW,8434,5128
BMW,7285,5022
BMW,7316,5138
BMW,15363,4915
BMW,7234,4914
BMW,16197,5060
BMW,8871,4960
Citroen,816,20587
Citroen,1445,28281
Citroen,1085,36476
Citroen,1502,33293
Citroen,1846,25210
Citroen,647,27615
Citroen,452,30798
Citroen,1097,28586
Citroen,981,37071
Citroen,1098,26667
Citroen,1043,16111
Citroen,1322,27310
Citroen,1220,32505
Citroen,1489,20620
Citroen,532,29783
Citroen,757,46527
Citroen,935,29444
Citroen,859,44351
Citroen,1220,33544
Citroen,704,8016
Citroen,1070,34643
Citroen,818,30620
Citroen,4971,19828
Citroen,4596,20904
Citroen,4413,20028
Citroen,4113,20354
Citroen,4552,19900
Citroen,5346,20378
Citroen,4726,21179
Citroen,4485,20016
Citroen,4762,20135
Citroen,4036,20995
Citroen,5043,20768
Citroen,6507,19996
Citroen,5415,20078
Citroen,5427,19976
Citroen,4920,20250
Citroen,5228,19660
Citroen,5017,20008
Citroen,4007,20252
Citroen,5187,20301
Citroen,5301,20042
Citroen,5119,19886
Citroen,4802,19587
Citroen,4996,19869
Citroen,5326,20048
Citroen,4709,19849
Citroen,5116,20020
Citroen,5239,20602
Citroen,4662,19616
Citroen,5111,20713
Citroen,5717,20233
Citroen,4878,20326
Citroen,5358,20019
Citroen,4340,19723
Citroen,5784,19669
Citroen,4319,19883
Citroen,5116,20119
Citroen,6010,20674
Citroen,4835,20194
Citroen,4656,20309
Citroen,4581,20187
Citroen,5272,20560
Citroen,4465,19384
Fiat,1378,12429
Fiat,1080,31574
Fiat,861,27160
Fiat,1075,30770
Fiat,930,40421
Fiat,905,37943
Fiat,432,31632
Fiat,1043,27177
Fiat,1591,24819
Fiat,749,27997
Fiat,1676,41718
Fiat,796,25513
Fiat,1353,40502
Fiat,1051,24750
Fiat,343,0
Fiat,1189,25721
Fiat,902,33837
Fiat,1282,29904
Fiat,840,23030
Fiat,654,41484
Fiat,876,29394
Fiat,1114,47127
Fiat,962,35186
Fiat,1312,30211
Fiat,1313,25302
Fiat,690,10942
Fiat,733,16684
Fiat,965,12255
Fiat,1010,28848
Fiat,1553,24495
Fiat,1316,38406
Fiat,110,35796
Fiat,1098,34746
Fiat,1060,28449
Fiat,968,0
Fiat,1264,30383
Fiat,909,25341
Fiat,960,41325
Fiat,984,25360
Fiat,4373,20389
Fiat,4695,20619
Fiat,4725,19368
Fiat,4690,19466
Fiat,5423,19198
Fiat,5463,20007
Fiat,4024,19802
Fiat,4757,19801
Fiat,5214,21210
Fiat,5275,20089
Fiat,4864,20391
Fiat,4299,19489
Fiat,5855,19583
Fiat,4665,19296
Fiat,4228,19520
Fiat,5144,20649
Fiat,5289,19904
Fiat,4904,20150
Fiat,5072,19586
Fiat,5826,20616
Fiat,4576,20316
Fiat,4426,20644
Fiat,5642,20012
Fiat,4878,19669
Fiat,4804,20179
Fiat,5534,19825
Fiat,4577,19850
Fiat,5436,20367
Fiat,5653,19274
Fiat,5121,20304
Fiat,4624,20058
Fiat,5241,19818
Fiat,5238,19340
Fiat,5583,19383
Fiat,4993,19613
Fiat,5019,19986
Fiat,4869,19806
Fiat,5157,19820
Fiat,4337,20418
Fiat,5915,20117
Fiat,4578,19913
Fiat,5106,19174
Fiat,4819,19937
Fiat,5316,19690
Ford,609,28878
Ford,685,23162
Ford,697,43882
Ford,947,17474
Ford,853,23019
Ford,1174,27983
Ford,1029,33990
Ford,738,18285
Ford,512,28654
Ford,766,36110
Ford,1508,30186
Ford,1190,41243
Ford,1241,26606
Ford,695,32203
Ford,1058,39906
Ford,1270,48833
Ford,671,42431
Ford,605,33740
Ford,1016,46148
Ford,1265,37466
Ford,1139,37133
Ford,5253,19612
Ford,5387,20139
Ford,4616,20039
Ford,5023,20225
Ford,4362,20060
Ford,4591,20786
Ford,5675,19855
Ford,4682,20148
Ford,4864,20048
Ford,5200,19958
Ford,5797,19851
Ford,5353,20285
Ford,5673,20755
Ford,5349,19899
Ford,4791,20600
Ford,5898,19117
Ford,5153,19465
Ford,4932,19610
Ford,4126,20406
Ford,4253,19681
Ford,5254,21201
Ford,4981,20017
Ford,5718,19863
Ford,3810,20532
Ford,6227,19734
Ford,5038,19896
Ford,4384,20112
Ford,5180,19864
Ford,4701,20050
Ford,4453,20501
Ford,4599,18641
Ford,5727,20023
Ford,5329,19915
Ford,4564,20141
Ford,4823,20951
Ford,5377,19726
Ford,4836,19931
Ford,6094,21429
Ford,4397,20422
Ford,4358,19811
Ford,5992,20296
Ford,5637,20202
Ford,5725,20375
Hyundai,1153,29518
Hyundai,1339,40201
Hyundai,1482,40971
Hyundai,761,32974
Hyundai,840,25048
Hyundai,1255,34461
Hyundai,1113,34510
Hyundai,930,27264
Hyundai,1108,10871
Hyundai,765,37240
Hyundai,1228,23733
Hyundai,1266,38875
Hyundai,1407,33300
Hyundai,999,25446
Hyundai,1166,31199
Hyundai,653,46042
Hyundai,723,35609
Hyundai,937,26938
Hyundai,1447,36037
Hyundai,283,4247
Hyundai,971,67170
Hyundai,1245,20462
Hyundai,1015,24153
Mercedes,5485,20003
Mercedes,4274,20002
Mercedes,5709,19644
Mercedes,5232,19959
Mercedes,5916,18969
Mercedes,5835,20452
Mercedes,5792,19190
Mercedes,4867,19578
Mercedes,5326,20509
Mercedes,5342,20428
Mercedes,4621,20511
Mercedes,5091,20205
Mercedes,5366,19167
Mercedes,4876,20463
Mercedes,4398,20556
Mercedes,5277,19201
Mercedes,4260,19878
Mercedes,5233,20243
Mercedes,4297,20136
Mercedes,5225,20392
Mercedes,4668,20328
Mercedes,5876,19200
Mercedes,5405,19956
Mercedes,5057,19961
Mercedes,4245,20674
Mercedes,5661,19872
Mercedes,4142,19454
Mercedes,5434,19868
Mercedes,4716,19916
Mercedes,5276,19009
Mercedes,5539,19938
Mercedes,4801,19977
Mercedes,3631,19329
Mercedes,5054,19614
Mercedes,5410,20048
Mercedes,4329,20615
Mercedes,5247,19629
Mercedes,5727,19738
Mercedes,4457,20185
Mercedes,5342,19394
Mercedes,4659,19935
Mercedes,5443,19663
Mercedes,4202,20046
Mercedes,5401,19924
Mercedes,4774,19495
Mercedes,5119,19573
Mercedes,5035,20532
Mercedes,5422,20139
Mercedes,4879,20052
Mercedes,4138,20337
Mercedes,5087,20576
Mercedes,5450,19390
Mercedes,5451,20533
Mercedes,4819,20065
Mercedes,5247,19583
Mercedes,4739,19533
Mercedes,5224,21055
Mercedes,5092,20281
Mercedes,5189,19059
Mercedes,5122,20294
Mercedes,5510,20072
Mercedes,5196,19838
Mercedes,5807,20493
Mercedes,4509,19895
Mercedes,5773,19601
Mercedes,4573,20309
Mercedes,5382,20308
Mercedes,4902,20126
Mercedes,5322,20214
Mercedes,4691,20095
Mercedes,4728,19980
Mercedes,4811,19551
Mercedes,5069,19790
Mercedes,5470,19061
Mercedes,5327,19229
Mercedes,5530,19234
Mercedes,4051,19824
Mercedes,5596,20540
Mercedes,4559,19757
Mercedes,4482,20506
Mercedes,4407,20322
Mercedes,5997,19381
Mercedes,4359,19194
Mercedes,4548,19588
Mercedes,5623,20266
Mercedes,4997,19881
Mercedes,5047,19445
Mercedes,4893,19597
Mercedes,4924,20158
Mercedes,4648,19885
Mercedes,5491,20231
Mercedes,10124,5034
Mercedes,19215,5087
Mercedes,11506,4901
Mercedes,12225,4948
Mercedes,8816,5032
Mercedes,8110,4953
Mercedes,9807,4987
Mercedes,12385,4996
Mercedes,8694,4938
Mercedes,9917,4985
Mercedes,3643,5157
Mercedes,11412,4972
Mercedes,9076,5061
Mercedes,12376,4902
Mercedes,14434,5178
Mercedes,10453,5031
Mercedes,9056,5119
Mercedes,7718,4998
Mercedes,7424,5024
Mercedes,10544,5151
Mercedes,11715,5049
Mercedes,8892,4912
Mercedes,8736,4787
Mercedes,8261,4975
Mercedes,7960,5159
Mercedes,12098,5039
Mercedes,8453,5102
Mercedes,15632,5201
Mercedes,11399,4994
Mercedes,11395,5010
Mercedes,6954,5062
Mercedes,9188,5113
Mercedes,4122,5056
Mercedes,9621,4736
Mercedes,9850,5069
Mercedes,6856,5043
Mercedes,11392,4951
Mercedes,14950,4931
Mercedes,15608,4847
Mercedes,10465,4867
Mercedes,8590,5063
Mercedes,4583,4921
Mercedes,8641,4755
Mercedes,6875,4968
Mercedes,9409,4973
Mercedes,8164,4998
Mercedes,10645,5044
Mercedes,5668,4930
Mercedes,7516,4893
Mercedes,9351,5010
Mercedes,13702,4914
Mercedes,8406,4988
Mercedes,10413,4880
Mercedes,7847,5006
Mercedes,10478,5080
Mercedes,13015,4953
Mercedes,10534,4832
Mercedes,11735,4821
Mercedes,8940,4896
Mercedes,9686,5039
Mercedes,9537,4939
Mercedes,9426,5006
Mercedes,10922,4976
Mercedes,10024,4910
Mercedes,5854,5064
Mercedes,4878,5081
Mercedes,12224,4815
Mercedes,15363,5076
Mercedes,11486,5254
Mercedes,11859,5059
Mercedes,6219,4841
Mercedes,12419,5071
Mercedes,8531,5006
Mercedes,12609,4828
Mercedes,9515,5066
Mercedes,15751,4950
Mercedes,13743,5004
Mercedes,10234,4979
Mercedes,9454,5078
Mercedes,13505,5061
Mercedes,8692,5077
Mercedes,10089,4905
Mercedes,11295,4950
Mercedes,7361,4893
Mercedes,6988,5066
Mercedes,9657,5079
Mercedes,12692,5104
Mercedes,10869,4987
Mercedes,6558,4985
Mercedes,8448,4936
Mercedes,12269,5068
Mercedes,12783,5067
Mercedes,5861,5049
Mercedes,6849,5015
Mercedes,11946,4855
Mercedes,14405,4957
Mercedes,6263,4764
Mercedes,5849,5041
Mercedes,14269,4941
Mercedes,13843,4994
Mercedes,12473,5058
Mercedes,8046,4991
Mercedes,6023,5093
Mercedes,8649,5068
Mercedes,12982,4935
Mercedes,13290,4865
Mercedes,11852,5133
Mercedes,8874,4995
Mercedes,12627,4975
Mercedes,9534,5129
Mercedes,8609,4947
Mercedes,11996,4881
Mercedes,10135,4879
Mercedes,4917,5079
Mercedes,8844,4782
Mercedes,8660,4977
Mercedes,9649,4809
Mercedes,10044,5017
Mercedes,3699,5077
Mercedes,9223,5045
Mercedes,6563,5128
Mercedes,9352,5006
Mercedes,7337,5049
Mercedes,12328,5029
Mercedes,6636,4898
Mercedes,7344,5058
Mercedes,9147,5061
Mercedes,10082,4810
Mercedes,9636,4974
Mercedes,12121,4984
Mercedes,10494,4838
Mercedes,13903,4966
Mercedes,8095,4767
Mercedes,11408,4973
Mercedes,7990,5108
Mercedes,8479,5035
Mercedes,7766,5008
Mercedes,11518,4919
Mercedes,11408,4965
Mercedes,16961,5086
Mercedes,9204,4985
Mercedes,11591,4910
Mercedes,4454,5040
Mercedes,6200,4940
Mercedes,4638,5039
Mercedes,12895,4965
Mercedes,10600,5056
Mercedes,18234,5019
Mercedes,11854,5050
Mercedes,11672,4951
Mercedes,12753,4947
Mercedes,7786,4982
Mercedes,6828,4915
Mercedes,6754,5058
Mercedes,6208,5115
Mercedes,6448,5078
Mercedes,5962,5025
Mercedes,10059,4919
Mercedes,7197,4706
Mercedes,15114,4930
Mercedes,7699,5040
Mercedes,11687,4930
Mercedes,13509,5206
Mercedes,9336,4893
Mercedes,11828,4905
Mercedes,10624,4953
Mercedes,2264,5139
Mercedes,13135,5031
Mercedes,17091,4952
Mercedes,12117,5057
Mercedes,4506,5079
Mercedes,13861,5069
Mercedes,5368,4925
Mercedes,12760,4920
Mercedes,12815,5096
Mercedes,9609,4981
Mercedes,9194,4924
Mercedes,4113,4916
Mercedes,11790,4993
Mercedes,8627,4981
Mercedes,13140,5112
Mercedes,7189,4974
Mercedes,15414,4886
Mercedes,7848,4793
Mercedes,8061,5116
Mercedes,15924,5123
Mercedes,10492,4854
Mercedes,7527,5017
Mercedes,6521,5035
Mercedes,5884,5136
Mercedes,10568,5024
Mercedes,13087,5062
Mercedes,10677,5089
Mercedes,9232,4906
Mercedes,10383,5015
Mercedes,13227,5023
Mercedes,7946,4947
Mercedes,10529,5230
Mercedes,10119,5017
Mercedes,7700,4938
Mercedes,10066,4897
Mercedes,9925,5059
Mercedes,6752,5027
Mercedes,7434,5137
Mercedes,8926,5043
Mercedes,11475,4985
Mercedes,12534,4891
Mercedes,10798,5163
Mercedes,14741,4941
Mercedes,7137,5038
Mercedes,10702,4879
Mercedes,13763,4895
Mercedes,10907,4994
Mercedes,19269,5082
Mercedes,14644,5052
Mercedes,10058,5126
Mercedes,9986,5028
Mercedes,9292,4871
Mercedes,9191,4995
Mercedes,7849,4942
Mercedes,9089,5158
Mercedes,11636,5242
Mercedes,10192,5016
Mercedes,15494,4953
Mercedes,6982,5062
Mercedes,3884,5157
Mercedes,8464,4891
Mercedes,9429,4788
Mercedes,9097,4951
Mercedes,7754,4931
Mercedes,9187,4984
Mercedes,9506,5029
Mercedes,9162,5048
Mercedes,11275,5121
Mercedes,9949,4800
Mercedes,13523,4911
Mercedes,12576,4966
Mercedes,14390,4904
Mercedes,10189,4822
Mercedes,10023,5020
Mercedes,10866,4768
Mercedes,10202,5032
Mercedes,11903,5015
Mercedes,7927,4966
Mercedes,7124,4951
Mercedes,12437,4977
Mercedes,12858,4886
Mercedes,5769,4983
Mercedes,8921,5022
Mercedes,10147,5164
Mercedes,12575,5127
Mercedes,9111,4859
Mercedes,7182,4993
Mercedes,8366,4961
Mercedes,10658,4985
Mercedes,17011,5044
Mercedes,13339,5027
Mercedes,15437,4984
Mercedes,5920,4897
Mercedes,7407,5090
Mercedes,8280,4949
Mercedes,9405,4890
Mercedes,10390,5046
Mercedes,10554,4978
Mercedes,8602,4914
Mercedes,13456,4881
Mercedes,6711,5205
Mercedes,10378,5198
Mercedes,11807,4939
Mercedes,12564,5125
Mercedes,9078,5062
Mercedes,8909,4859
Mercedes,10357,4849
Mercedes,8176,4953
Mercedes,14399,4994
Mercedes,6774,5042
Mercedes,9192,4883
Mercedes,10395,4911
Mercedes,6070,5012
Mercedes,12732,5189
Mercedes,10341,5097
Mercedes,5716,4863
Mercedes,12574,5020
Mercedes,10688,5077
Mercedes,14254,5046
Mercedes,7912,5005
Mercedes,8578,4929
Mercedes,10839,5096
Mercedes,12793,5018
Mercedes,15367,4885
Mercedes,6874,5021
Mercedes,5215,5140
Mercedes,8570,4995
Mercedes,9017,4980
Mercedes,12031,5018
Mercedes,11823,5020
Mercedes,16006,4944
Mercedes,9599,5076
Mercedes,10596,5041
Mercedes,5939,4995
Mercedes,10400,4976
Mercedes,14741,5048
Mercedes,11913,4962
Mercedes,9428,4920
Mercedes,9726,4929
Mercedes,6391,5064
Mercedes,10573,4939
Mercedes,10355,4936
Mercedes,12257,4896
Mercedes,11077,4853
Mercedes,7404,5041
Mercedes,9571,4916
Mercedes,11382,5089
Mercedes,10359,4854
Mercedes,11745,4926
Mercedes,6728,5133
Mercedes,9981,5067
Mercedes,8531,4974
Mercedes,14191,5196
Mercedes,9177,4992
Mercedes,2929,4964
Mercedes,9245,5088
Mercedes,5668,5019
Mercedes,12280,5090
Nissan,1068,36852
Nissan,1118,34131
Nissan,1259,27387
Nissan,994,19279
Nissan,1541,45154
Nissan,903,31319
Nissan,1022,38957
Nissan,1044,34286
Nissan,1178,31772
Nissan,1428,39181
Nissan,1296,34025
Nissan,1145,26805
Nissan,770,31038
Nissan,1032,39157
Nissan,914,22265
Nissan,1036,32399
Nissan,777,28876
Nissan,1443,35676
Nissan,284,43675
Nissan,1010,25107
Nissan,951,34958
Nissan,836,31377
Nissan,953,34692
Nissan,974,36191
Nissan,1244,37881
Nissan,924,28242
Nissan,1395,27357
Nissan,978,19958
Nissan,919,27515
Nissan,686,55652
Nissan,1100,46436
Nissan,4434,20696
Nissan,4630,20677
Nissan,4754,20521
Nissan,4996,19228
Nissan,5663,20169
Nissan,4423,21144
Nissan,4928,19693
Nissan,4122,20347
Nissan,5936,20202
Nissan,4410,20122
Nissan,4941,20554
Nissan,5574,19073
Nissan,4672,19570
Nissan,4408,19545
Nissan,5217,19826
Nissan,5429,20119
Nissan,5287,20419
Nissan,5108,20710
Nissan,4888,20756
Nissan,5273,21029
Nissan,4761,19744
Nissan,4925,20074
Nissan,5079,20248
Nissan,4342,20835
Nissan,5068,19980
Nissan,5471,19938
Nissan,4571,19839
Nissan,5088,19746
Nissan,4690,19200
Nissan,4510,19495
Nissan,5500,20300
Nissan,4793,19680
Nissan,4904,20230
Nissan,5702,20703
Nissan,4682,20649
Nissan,4401,19933
Nissan,5163,19960
Nissan,5090,19724
Nissan,5207,20023
Nissan,5529,19265
Nissan,5335,19602
Peugeot,948,38087
Peugeot,772,48067
Peugeot,1448,54224
Peugeot,1645,29462
Peugeot,961,24495
Peugeot,1039,18112
Peugeot,1191,24399
Peugeot,775,23372
Peugeot,697,32521
Peugeot,619,36347
Peugeot,910,31449
Peugeot,1253,30192
Peugeot,631,31038
Peugeot,799,47193
Peugeot,940,36154
Peugeot,1255,24083
Peugeot,780,26871
Peugeot,812,36662
Peugeot,685,46319
Peugeot,875,34062
Peugeot,451,17525
Peugeot,2025,22400
Peugeot,618,21775
Peugeot,978,29812
Peugeot,695,34258
Peugeot,1329,29278
Peugeot,1247,29214
Peugeot,958,22785
Peugeot,1559,32561
Peugeot,764,45815
Peugeot,5499,19883
Peugeot,5307,20116
Peugeot,5186,20025
Peugeot,4310,20455
Peugeot,5343,20520
Peugeot,4455,20468
Peugeot,4620,19694
Peugeot,4829,19616
Peugeot,5162,20692
Peugeot,5399,19689
Peugeot,5067,20088
Peugeot,5162,19751
Peugeot,4976,20122
Peugeot,5350,19686
Peugeot,5142,20469
Peugeot,6046,19665
Peugeot,4818,20520
Peugeot,4095,19838
Peugeot,4852,19727
Peugeot,5624,20059
Peugeot,5406,20139
Peugeot,3893,20847
Peugeot,4681,20848
Peugeot,5504,20150
Peugeot,5036,19838
Peugeot,4762,19626
Peugeot,4567,20550
Peugeot,5038,20412
Peugeot,4985,20315
Peugeot,4355,19193
Peugeot,5264,20606
Peugeot,4180,19878
Peugeot,5354,19934
Peugeot,4331,20035
Peugeot,5209,20153
Peugeot,5513,19931
Peugeot,5359,19554
Peugeot,5386,19324
Peugeot,5504,20366
Peugeot,4891,20450
Peugeot,4473,19793
Peugeot,5832,20451
Peugeot,4207,20633
Peugeot,3972,19688
Peugeot,5293,20298
Peugeot,5312,20015
Peugeot,4643,19828
Peugeot,5266,18781
Peugeot,4465,19462
Peugeot,4289,19422
Toyota,1330,41478
Toyota,1045,38975
Toyota,1312,27057
Toyota,1150,27838
Toyota,693,27890
Toyota,1004,29905
Toyota,1153,35866
Toyota,1115,22426
Toyota,1348,25071
Toyota,0,33928
Toyota,775,35892
Toyota,996,12494
Toyota,1459,51282
Toyota,865,39338
Toyota,931,25655
Toyota,591,11321
Toyota,606,33960
Toyota,1372,34962
Toyota,1222,23744
Toyota,1268,29674
Toyota,1141,23214
Toyota,1268,21232
Toyota,745,27509
Toyota,1248,31157
Toyota,1140,30888
Toyota,654,40144
Toyota,904,42361
Toyota,1216,47712
Vauxhall,1075,31194
Vauxhall,943,3993
Vauxhall,1608,31161
Vauxhall,818,24900
Vauxhall,1224,39111
Vauxhall,385,18949
Vauxhall,958,27440
Vauxhall,564,42115
Vauxhall,1409,31549
Vauxhall,459,34866
Vauxhall,1268,32538
Vauxhall,1429,35687
Vauxhall,1706,34704
Vauxhall,630,31800
Vauxhall,743,37766
Vauxhall,1041,41834
Vauxhall,953,36533
Vauxhall,914,17742
Vauxhall,1439,48892
Vauxhall,1615,32950
Vauxhall,1034,14130
Vauxhall,1660,24623
Vauxhall,816,38385
Vauxhall,1044,43026
Vauxhall,1115,36198
Vauxhall,999,32267
Vauxhall,607,33265
Vauxhall,1318,31477
Vauxhall,575,26461
Vauxhall,1117,42668
Vauxhall,716,29143
Vauxhall,784,31205
Vauxhall,943,40973
Vauxhall,543,206
Vauxhall,639,34184
Vauxhall,5006,19860
Vauxhall,3828,19417
Vauxhall,4675,19908
Vauxhall,5087,20060
Vauxhall,5393,19978
Vauxhall,6067,19729
Vauxhall,5400,19381
Vauxhall,5220,20599
Vauxhall,5301,20962
Vauxhall,4537,19912
Vauxhall,4695,19763
Vauxhall,5478,19832
Vauxhall,4360,19711
Vauxhall,5282,21353
Vauxhall,4554,19589
Vauxhall,6106,19576
Vauxhall,5839,20235
Vauxhall,4897,19860
Vauxhall,4444,20301
Vauxhall,4989,18744
Vauxhall,5282,20245
Vauxhall,4857,20311
Vauxhall,4560,19810
Vauxhall,4882,20103
Vauxhall,4605,20115
Vauxhall,5347,19684
Vauxhall,5217,20409
Vauxhall,4620,20265
Vauxhall,4844,20056
Vauxhall,4638,20103
Vauxhall,5042,19396
Vauxhall,4939,18971
Vauxhall,5058,20576
Vauxhall,5466,20027
Vauxhall,4983,19293
Vauxhall,4507,19766
Vauxhall,4645,20502
Vauxhall,5670,20069
Vauxhall,6066,20048
Vauxhall,4556,20774
Vauxhall,4704,20058
Vauxhall,4607,20624
Vauxhall,4888,20633
Vauxhall,4688,20298
Vauxhall,4567,20308
Vauxhall,5181,20333
Vauxhall,5273,19663
Vauxhall,4895,20211
Vauxhall,5012,20644
Vauxhall,4443,20294
Vauxhall,4583,19398
Vauxhall,4809,19677
Vauxhall,5179,20134
Vauxhall,5312,20273
Vauxhall,6042,19676
Vauxhall,5655,19562
Volkswagen,1064,30358
Volkswagen,879,29554
Volkswagen,977,42864
Volkswagen,1142,34409
Volkswagen,983,25124
Volkswagen,1356,34554
Volkswagen,1227,34459
Volkswagen,1464,32684
Volkswagen,1240,26313
Volkswagen,911,29486
Volkswagen,1226,29682
Volkswagen,1086,30241
Volkswagen,205,31505
Volkswagen,660,36316
Volkswagen,579,30477
Volkswagen,1152,25146
Volkswagen,1107,41796
Volkswagen,769,33300
Volkswagen,1266,32738
Volkswagen,1043,28202
Volkswagen,1188,37283
Volkswagen,6202,19762
Volkswagen,4375,19348
Volkswagen,5070,20891
Volkswagen,4553,21066
Volkswagen,4945,19699
Volkswagen,5474,20013
Volkswagen,4589,20334
Volkswagen,5344,19479
Volkswagen,5286,19968
Volkswagen,4960,20487
Volkswagen,5749,20680
Volkswagen,5190,20641
Volkswagen,4788,20421
Volkswagen,5258,20243
Volkswagen,5542,19957
Volkswagen,5512,19029
Volkswagen,5614,19817
Volkswagen,5141,20630
Volkswagen,4357,20869
Volkswagen,5012,20387
Volkswagen,5517,20647
Volkswagen,4626,19869
Volkswagen,5428,19580
Volkswagen,4415,19848
Volkswagen,5474,20285
Volkswagen,4968,20096
Volkswagen,6190,19675
Volkswagen,5836,20446
Volkswagen,4613,20150
Volkswagen,5556,18781
Volkswagen,4438,19751
Volkswagen,5184,20720
Volkswagen,6136,19545
Volkswagen,5090,18660
Volkswagen,4486,20577
Volkswagen,5479,20653
Volkswagen,5200,19661
Volkswagen,4945,19218
Volkswagen,5030,19288
Volkswagen,5479,19738
Volkswagen,4755,19904
Volkswagen,5186,20350
Volkswagen,4854,18987
Volkswagen,5033,21304
